identifier,lesson_name,lesson_description,module_deployment
Alcohol en ik - Alle lessen werken,,,
578736b6e4b0bfec5ee1aa96,Welkom,Alcohol & ik 2.0,Alcohol & Ik - Prd
5787370de4b0bfec5ee1aa98,Start met je dagboek,Alcohol & ik 2.0,Alcohol & Ik - Prd
57873730e4b0bfec5ee1aa9a,Wat wil je anders?,Alcohol & ik 2.0,Alcohol & Ik - Prd
5787375ae4b0bfec5ee1aa9c,Je doel halen,Alcohol & ik 2.0,Alcohol & Ik - Prd
57873782e4b0bfec5ee1aa9e,Gevoel en gedachten,Alcohol & ik 2.0,Alcohol & Ik - Prd
5787379fe4b0bfec5ee1aaa0,Onthouding,Alcohol & ik 2.0,Alcohol & Ik - Prd
578737bae4b0bfec5ee1aaa2,Trek,Alcohol & ik 2.0,Alcohol & Ik - Prd
578737dce4b0bfec5ee1aaa4,Slapen,Alcohol & ik 2.0,Alcohol & Ik - Prd
578737fce4b0bfec5ee1aaa6,Afspraken met mijzelf,Alcohol & ik 2.0,Alcohol & Ik - Prd
57873815e4b0bfec5ee1aaa8,Afronding,Alcohol & ik 2.0,Alcohol & Ik - Prd
578738cbe4b0bfec5ee1aaac,Mijn doelen en afspraken,Alcohol & ik 2.0,Alcohol & Ik - Prd
578738eee4b0bfec5ee1aab0,Tips bij stoppen of minderen,Alcohol & ik 2.0,Alcohol & Ik - Prd
57873950e4b0bfec5ee1aab4,Afspraken met mijzelf,Alcohol & ik 2.0,Alcohol & Ik - Prd
5787396fe4b0bfec5ee1aab6,Beheers je gedachten,Alcohol & ik 2.0,Alcohol & Ik - Prd
Ouderbegeleiding - Alle lessen werken,,,
5c37459bb9d82100012adfc1,Welkom,Ouderbegeleiding,Ouderbegeleiding
5c3745b2b9d82100012adfc3,Ontwikkeling,Ouderbegeleiding,Ouderbegeleiding
5c3745cbb9d82100012adfc5,Risico's en helpers,Ouderbegeleiding,Ouderbegeleiding
5c3745ecb9d82100012adfc7,Vermoedens en signalen,Ouderbegeleiding,Ouderbegeleiding
5c37462fb9d82100012adfcb,Gesprek voeren,Ouderbegeleiding,Ouderbegeleiding
5c374646b9d82100012adfcd,Veranderen van gedrag,Ouderbegeleiding,Ouderbegeleiding
5c374663b9d82100012adfcf,Risico en helpende factoren,Ouderbegeleiding,Ouderbegeleiding
5c3746c1b9d82100012adfd5,Signalen,Ouderbegeleiding,Ouderbegeleiding
5c37470eb9d82100012adfdb,Gespreksplan,Ouderbegeleiding,Ouderbegeleiding
Cannabis en ik - Alle lessen werken,,,
57a1a246e4b0fbb9edba2f3e,Welkom,Cannabis & ik,Cannabis & ik
57a1a25be4b0fbb9edba2f40,Start met je dagboek,Cannabis & ik,Cannabis & ik
57a1a273e4b0fbb9edba2f43,Wat wil je anders?,Cannabis & ik,Cannabis & ik
57a1a2aee4b0fbb9edba2f47,Je doel halen,Cannabis & ik,Cannabis & ik
57a1a2cae4b0fbb9edba2f4b,Gedachten en gevoel,Cannabis & ik,Cannabis & ik
57a1a2e2e4b0fbb9edba2f50,Onthouding,Cannabis & ik,Cannabis & ik
57a1a2f5e4b0fbb9edba2f53,Trek,Cannabis & ik,Cannabis & ik
57a1a30be4b0fbb9edba2f55,Slapen,Cannabis & ik,Cannabis & ik
57a1a328e4b0fbb9edba2f57,Afspraken met mijzelf,Cannabis & ik,Cannabis & ik
57a1a33de4b0fbb9edba2f59,Afronding,Cannabis & ik,Cannabis & ik
57a1a3c2e4b0fbb9edba2f5d,Doelen,Cannabis & ik,Cannabis & ik
57a1a3dde4b0fbb9edba2f5f,Afspraken met mijzelf,Cannabis & ik,Cannabis & ik
57a1a3f1e4b0fbb9edba2f61,Beheers je gedachten,Cannabis & ik,Cannabis & ik
57a1a407e4b0fbb9edba2f63,Tips bij stoppen of minderen,Cannabis & ik,Cannabis & ik
Alcohol en ik - Alle lessen werken,,,
5825935be4b0849a4ff321d3,Welkom,Alcohol & ik - u versie,Alcohol & Ik - Prd
582593bbe4b0849a4ff321d8,Start met uw dagboek,Alcohol & ik - u versie,Alcohol & Ik - Prd
582593ece4b0849a4ff321de,Wat wilt u anders?,Alcohol & ik - u versie,Alcohol & Ik - Prd
58259429e4b0849a4ff321e1,Uw doel halen,Alcohol & ik - u versie,Alcohol & Ik - Prd
582594d7e4b0849a4ff321e9,Gevoel en gedachten,Alcohol & ik - u versie,Alcohol & Ik - Prd
582594fde4b0849a4ff321eb,Onthouding,Alcohol & ik - u versie,Alcohol & Ik - Prd
58259537e4b0849a4ff321ef,Trek,Alcohol & ik - u versie,Alcohol & Ik - Prd
5825957ae4b0849a4ff321f3,Slapen,Alcohol & ik - u versie,Alcohol & Ik - Prd
582595a2e4b0849a4ff321f6,Afspraken met mijzelf,Alcohol & ik - u versie,Alcohol & Ik - Prd
58259808e4b0849a4ff32222,Afronding,Alcohol & ik - u versie,Alcohol & Ik - Prd
5825b041e4b0849a4ff3233c,Afspraken met mijzelf,Alcohol & ik - u versie,Alcohol & Ik - Prd
5825b097e4b0849a4ff32344,Beheers uw gedachten,Alcohol & ik - u versie,Alcohol & Ik - Prd
5825b0c4e4b0849a4ff3234a,Tips bij stoppen of minderen,Alcohol & ik - u versie,Alcohol & Ik - Prd
5825b148e4b0849a4ff32351,Mijn doelen en afspraken,Alcohol & ik - u versie,Alcohol & Ik - Prd
Cannabis en ik - Alle lessen werken,,,
58297b77e4b0849a4ff328ac,Welkom,Cannabis & ik - u versie,Cannabis & ik
58297ba7e4b0849a4ff328b2,Start met uw dagboek,Cannabis & ik - u versie,Cannabis & ik
58297c16e4b0849a4ff328b6,Wat wilt u anders?,Cannabis & ik - u versie,Cannabis & ik
58297c2fe4b0849a4ff328b8,Uw doel halen,Cannabis & ik - u versie,Cannabis & ik
58297c48e4b0849a4ff328bb,Gevoel en gedachten,Cannabis & ik - u versie,Cannabis & ik
58297c65e4b0849a4ff328bd,Onthouding,Cannabis & ik - u versie,Cannabis & ik
58297c81e4b0849a4ff328bf,Trek,Cannabis & ik - u versie,Cannabis & ik
58297ccfe4b0849a4ff328c3,Slapen,Cannabis & ik - u versie,Cannabis & ik
58297d12e4b0849a4ff328c6,Afspraken met mijzelf,Cannabis & ik - u versie,Cannabis & ik
58297d2ce4b0849a4ff328c9,Afronding,Cannabis & ik - u versie,Cannabis & ik
5829859be4b0849a4ff3295a,Afspraken met mijzelf,Cannabis & ik - u versie,Cannabis & ik
582985bfe4b0849a4ff3295c,Tips bij stoppen of minderen,Cannabis & ik - u versie,Cannabis & ik
58298638e4b0849a4ff32960,Beheers je gedachten,Cannabis & ik - u versie,Cannabis & ik
58298658e4b0849a4ff32962,Doelen,Cannabis & ik - u versie,Cannabis & ik
Zus en zo - Alle lessen werken,,,
582ad029e4b0849a4ff32f7a,Zus en zo,Zusenzo impact op naasten,Zus en Zo